shuffle,batch_size,epochs,learning_rate,optimizer,activation_function,dropout,dropout2d,average_mae,average_mse
True,1024,70,0.002,Adam,leaky_relu,0.3,0,0.40558781623840334,0.5705760955810547
True,1024,70,0.002,SGD,leaky_relu,0.3,0,0.5713080525398254,0.6737743616104126
True,1024,70,0.002,RMSprop,leaky_relu,0.3,0,0.40021145939826963,0.5640087723731995
