shuffle,batch_size,epochs,learning_rate,optimizer,activation_function,dropout,dropout2d,average_mae,average_mse
True,1024,70,0.002,Adam,relu,0.0,0,0.6526670455932617,0.6716766834259034
True,1024,70,0.002,Adam,relu,0.1,0,0.6513189911842346,0.6696859717369079
True,1024,70,0.002,Adam,relu,0.2,0,0.6512549996376038,0.6694884896278381
True,1024,70,0.002,Adam,relu,0.3,0,0.6512171030044556,0.6675660371780395
True,1024,70,0.002,Adam,relu,0.4,0,0.6515154838562012,0.66993328332901
True,1024,70,0.002,Adam,relu,0.5,0,0.6519344925880433,0.6711655974388122
